{
  "LogisticRegression": 0.17074027832898994,
  "RandomForest": 0.20267017145348773,
  "XGBoost": 0.2081659816534889,
  "CatBoost": 0.20793698918265746,
  "EBM": 0.21048657938137597
}