{
  "weights": {
    "LogisticRegression": 0.17074027832898994,
    "RandomForest": 0.20267017145348773,
    "XGBoost": 0.2081659816534889,
    "CatBoost": 0.20793698918265746,
    "EBM": 0.21048657938137597
  },
  "n_samples": 10,
  "sample_predictions": {
    "base_models": {
      "logreg": [
        [
          0.02607984650750861,
          0.640276004267628,
          0.3336441492248634
        ],
        [
          5.197023077841558e-07,
          0.004360792923441458,
          0.9956386873742508
        ],
        [
          0.00013364412262842885,
          0.05745097150541484,
          0.9424153843719567
        ],
        [
          0.5353776105729409,
          0.4407145583604624,
          0.023907831066596778
        ],
        [
          0.03455408698498116,
          0.7921468076645585,
          0.17329910535046045
        ],
        [
          0.5112942690284044,
          0.4548409863755749,
          0.033864744596020756
        ],
        [
          0.0027275911601046944,
          0.22209584016104905,
          0.7751765686788462
        ],
        [
          0.5328592355826788,
          0.461503141801648,
          0.0056376226156732425
        ],
        [
          0.5472226805663749,
          0.33825092265293677,
          0.1145263967806883
        ],
        [
          0.0017747704690686985,
          0.1771077144239822,
          0.8211175151069492
        ]
      ],
      "rf": [
        [
          0.03504211600377188,
          0.19040394900707722,
          0.7745539349891508
        ],
        [
          0.0023508637393082395,
          0.06346427655368257,
          0.9341848597070092
        ],
        [
          5.5819217002337556e-05,
          0.019841779725607064,
          0.9801024010573907
        ],
        [
          0.29437243833918814,
          0.6764793861143139,
          0.029148175546497766
        ],
        [
          0.060338056467323986,
          0.9020836689904118,
          0.037578274542264534
        ],
        [
          0.20680638492802284,
          0.7179414823494364,
          0.0752521327225406
        ],
        [
          0.0926468001303809,
          0.5791724886568088,
          0.32818071121281017
        ],
        [
          0.6386853338508479,
          0.334604940652848,
          0.02670972549630419
        ],
        [
          0.09759976317474428,
          0.792050599892356,
          0.11034963693289974
        ],
        [
          0.0006846013991291853,
          0.10676046886731134,
          0.8925549297335597
        ]
      ],
      "xgb": [
        [
          8.899920089788793e-08,
          0.0020084562711417675,
          0.9979914426803589
        ],
        [
          1.0324116672677519e-08,
          9.601016790838912e-05,
          0.9999039173126221
        ],
        [
          1.157314599709025e-07,
          0.0008244184427894652,
          0.999175488948822
        ],
        [
          0.06753844022750854,
          0.9321483373641968,
          0.0003131924895569682
        ],
        [
          0.008414202369749546,
          0.9725245833396912,
          0.019061213359236717
        ],
        [
          0.038608696311712265,
          0.9607306122779846,
          0.0006606373935937881
        ],
        [
          0.03134814277291298,
          0.8353679776191711,
          0.13328392803668976
        ],
        [
          0.7572871446609497,
          0.24262259900569916,
          9.023176971822977e-05
        ],
        [
          0.06013346090912819,
          0.8388413190841675,
          0.10102517902851105
        ],
        [
          0.00014603965973947197,
          0.051780667155981064,
          0.9480732679367065
        ]
      ],
      "cat": [
        [
          4.432895010118099e-05,
          0.014802091247734501,
          0.9851535798021642
        ],
        [
          2.932777772470118e-06,
          0.0002462453715470031,
          0.9997508218506805
        ],
        [
          2.5200872806472996e-05,
          0.0020316774348308904,
          0.9979431216923625
        ],
        [
          0.26934844322376866,
          0.7232216277852845,
          0.00742992899094678
        ],
        [
          0.008240762851864486,
          0.9708485659505123,
          0.02091067119762321
        ],
        [
          0.26619684210840955,
          0.7147414353756832,
          0.019061722515907296
        ],
        [
          0.019525271719081885,
          0.8137492132616995,
          0.1667255150192185
        ],
        [
          0.7475834370305987,
          0.25049358834187263,
          0.0019229746275286016
        ],
        [
          0.09058316562549805,
          0.8514664513576702,
          0.05795038301683167
        ],
        [
          0.001877387810157259,
          0.1081264046121758,
          0.8899962075776668
        ]
      ],
      "ebm": [
        [
          1.020616837366246e-09,
          0.0003896922173851806,
          0.9996103067619979
        ],
        [
          2.0353962358419755e-15,
          7.481690147972875e-07,
          0.9999992518309833
        ],
        [
          2.3193875431606466e-12,
          0.00016177305949797313,
          0.9998382269381827
        ],
        [
          0.1759074694185259,
          0.8235808537889142,
          0.0005116767925599287
        ],
        [
          0.0013876807157630104,
          0.940218448769846,
          0.05839387051439103
        ],
        [
          0.08443217376582461,
          0.9139427863174313,
          0.00162503991674425
        ],
        [
          0.0032741166411517893,
          0.8839937151692332,
          0.112732168189615
        ],
        [
          0.8084787874205087,
          0.19151992579795205,
          1.2867815391724379e-06
        ],
        [
          0.06752666845602569,
          0.9272518292724,
          0.005221502271574149
        ],
        [
          8.895964854920031e-06,
          0.1327265003584126,
          0.8672646036767324
        ]
      ]
    },
    "ensemble": [
      [
        0.0,
        0.05248233460249965,
        0.9475176653975003
      ],
      [
        0.0,
        0.0012952169488389305,
        0.9987047830511612
      ],
      [
        0.0,
        0.0012952169488389305,
        0.9987047830511612
      ],
      [
        0.14930916961661264,
        0.8506908303833874,
        0.0
      ],
      [
        0.0,
        1.0,
        0.0
      ],
      [
        0.11177038231963836,
        0.8882296176803616,
        0.0
      ],
      [
        0.0065897858319604605,
        0.7666670435194846,
        0.2267431706485549
      ],
      [
        0.8826353430399786,
        0.11736465696002141,
        0.0
      ],
      [
        0.07456192498212111,
        0.9254380750178788,
        0.0
      ],
      [
        0.0,
        0.02322626459513218,
        0.9767737354048678
      ]
    ],
    "ensemble_classes": [
      2,
      2,
      2,
      1,
      1,
      1,
      1,
      0,
      1,
      2
    ]
  },
  "class_mapping": {
    "0": "High Risk (0-6 months)",
    "1": "Medium Risk (6-12 months)",
    "2": "Low Risk (>12 months)"
  },
  "note": "Probabilities for first 10 test samples, ordered as [class_0, class_1, class_2]"
}