{
  "model_name": "Calibrated Ensemble",
  "test_set_size": 1200,
  "metrics": {
    "f1_macro": 0.9402753123894952,
    "roc_auc_macro": 0.9843935822809197,
    "accuracy": 0.94
  },
  "per_class_performance": {
    "High Risk": {
      "precision": 0.9843342036553525,
      "recall": 0.940149625935162,
      "f1_score": 0.9617346938775511,
      "support": 401
    },
    "Medium Risk": {
      "precision": 0.9135802469135802,
      "recall": 0.9090909090909091,
      "f1_score": 0.9113300492610837,
      "support": 407
    },
    "Low Risk": {
      "precision": 0.9247572815533981,
      "recall": 0.9719387755102041,
      "f1_score": 0.9477611940298507,
      "support": 392
    }
  },
  "base_models_f1": {
    "Logistic Regression": 0.7519034450911168,
    "Random Forest": 0.9144664095241826,
    "XGBoost": 0.9345286905185625,
    "CatBoost": 0.936291708240795,
    "Calibrated Ensemble": 0.9402753123894952,
    "EBM": 0.9434354074816524
  },
  "confusion_matrix": [
    [
      377,
      24,
      0
    ],
    [
      6,
      370,
      31
    ],
    [
      0,
      11,
      381
    ]
  ],
  "label_distribution": {
    "actual": {
      "high_risk": 401,
      "medium_risk": 407,
      "low_risk": 392
    },
    "predicted": {
      "high_risk": 383,
      "medium_risk": 405,
      "low_risk": 412
    }
  }
}